IEM	Gene	Gene_Recon	met_Human-GEM	met_Human2	met_Human1	met_Recon3D_301	In_Vivo	Source	check_effected_rxns
	ENSG00000059573	5832.1	MAM02658	MAM02658	m02658	orn	decrease	HMDB	"['MAR03895', 'MAR03897', 'MAR09557']"
Phenylketonuria	ENSG00000171759	5053.1	MAM02137	MAM02137	m02137	homoval	decrease	HMDB	['MAR08539']
	ENSG00000177156	6888.1	MAM01690	MAM01690	m01690	dhap	decrease	HMDB	['MAR04565']
	ENSG00000038002	175.1	MAM02513	MAM02513	m02513	M02513	increase	HMDB	"['MAR07574', 'MAR07585', 'MAR07376', 'MAR09530']"
Isovaleric Acidemia	ENSG00000128928	3712.1	MAM02646	MAM02646	m02646	ocdcea	increase	HMDB	['MAR03770']
	ENSG00000140459	1583.1	MAM01615	MAM01615	m01615	crtsl	decrease	HMDB	"['MAR01928', 'MAR01929', 'MAR01932', 'MAR01934', 'MAR01935', 'MAR07935']"
	ENSG00000140459	1583.1	MAM01069	MAM01069	m01069	5adtststerone	decrease	HMDB	"['MAR01928', 'MAR01929', 'MAR01932', 'MAR01934', 'MAR01935', 'MAR07935']"
	ENSG00000091140	1738.1	MAM02046	MAM02046	m02046	hco3	decrease	HMDB	"['MAR06409', 'MAR06397', 'MAR06404']"
	ENSG00000189221	4128.1	MAM03099	MAM03099	m03099	tym	increase	HMDB	['MAR06719']
	ENSG00000153574	22934.1	MAM02425	MAM02425	m02425	xylu_L	decrease	HMDB	"['MAR04351', 'MAR04352']"
	ENSG00000091140	1738.1	MAM02184	MAM02184	m02184	ile_L	increase	HMDB	"['MAR06409', 'MAR06397', 'MAR06404']"
N-Acetylglutamate Synthase Deficiency	ENSG00000161653	162417.1	MAM02659	MAM02659	m02659	orot	increase	HMDB;vmh.life	"['MAR08416', 'MAR05418', 'MAR05419']"
	ENSG00000140459	1583.1	MAM02969	MAM02969	m02969	tststerone	decrease	HMDB	"['MAR01928', 'MAR01929', 'MAR01932', 'MAR01934', 'MAR01935', 'MAR07935']"
	ENSG00000138079;ENSG00000021488	6519.1;11136.1	MAM02426	MAM02426	m02426	lys_L	increase	HMDB	"['MAR05550', 'MAR05907', 'MAR05908', 'MAR05909', 'MAR05910', 'MAR05911', 'MAR05912', 'MAR05913', 'MAR05914', 'MAR05915', 'MAR05916', 'MAR05917', 'MAR05918', 'MAR05919', 'MAR05920', 'MAR05921', 'MAR05922', 'MAR05923', 'MAR05924', 'MAR05925', 'MAR05926', 'MAR05927', 'MAR05928', 'MAR05929', 'MAR05930', 'MAR05931', 'MAR05932', 'MAR05933', 'MAR05934', 'MAR05935', 'MAR05936', 'MAR05937', 'MAR05938', 'MAR05939', 'MAR05940', 'MAR05941', 'MAR05942', 'MAR05943', 'MAR05944', 'MAR05945', 'MAR05946', 'MAR05947', 'MAR05948', 'MAR05949', 'MAR05950', 'MAR05951', 'MAR05952', 'MAR05953', 'MAR05954', 'MAR05955', 'MAR05956', 'MAR05957', 'MAR05958', 'MAR05959', 'MAR05960', 'MAR05961', 'MAR05962', 'MAR05963', 'MAR05964', 'MAR05965', 'MAR05966', 'MAR05967', 'MAR05968', 'MAR05969', 'MAR05970', 'MAR05971', 'MAR05972', 'MAR05973', 'MAR05974', 'MAR05975', 'MAR05976', 'MAR05977', 'MAR05978', 'MAR05979', 'MAR05980', 'MAR05981', 'MAR05982', 'MAR05983', 'MAR05984', 'MAR05985', 'MAR05986', 'MAR08687', 'MAR02226', 'MAR06891', 'MAR06892']"
Maple Syrup Urine Disease	ENSG00000248098	593.1	MAM03176	MAM03176	2h3mv_	2h3mv	increase	HMDB	"['MAR03800', 'MAR06419', 'MAR06421', 'MAR06416', 'MAR20174', 'MAR20175', 'MAR20176', 'MAR20177']"
	ENSG00000140374;ENSG00000171503;ENSG00000105379	2108.1;2110.1;2109.2;2109.1	MAM02676	MAM02676	m02676	hdcecrn	increase	HMDB	['MAR06911']
	ENSG00000115919	8942.1	MAM02667	MAM02667	m02667	CE2949	increase	HMDB	"['MAR04224', 'MAR04225']"
Isovaleric Acidemia	ENSG00000128928	3712.1	MAM01197	MAM01197	m01197	M01197	increase	HMDB	['MAR03770']
	ENSG00000103150	23417.1	MAM02440	MAM02440	m02440	HC00319	increase	HMDB	"['MAR04105', 'MAR04106', 'MAR04107', 'MAR08787', 'MAR01521', 'MAR01522']"
"Hyperlysinemia I, Familial"	ENSG00000008311	10157.1	MAM02426	MAM02426	m02426	lys_L	increase	HMDB;vmh.life	"['MAR04288', 'MAR04668']"
Xanthinuria Type 1	ENSG00000158125	7498.1	MAM03120	MAM03120	m03120	urate	decrease	HMDB;vmh.life	"['MAR04519', 'MAR04520', 'MAR04646', 'MAR04648', 'MAR04649', 'MAR04650']"
	ENSG00000125454	60386.1	MAM01307	MAM01307	m01307	ala_L	increase	HMDB	"['MAR04933', 'MAR06332', 'MAR06333', 'MAR06334', 'MAR06335', 'MAR06336', 'MAR06337', 'MAR06338', 'MAR06339', 'MAR06340', 'MAR06341', 'MAR06342', 'MAR06343', 'MAR07804', 'MAR07806', 'MAR07808', 'MAR07810', 'MAR07812', 'MAR07814', 'MAR07815', 'MAR07816', 'MAR07818', 'MAR07820', 'MAR07822', 'MAR07824', 'MAR07825', 'MAR07826', 'MAR07827', 'MAR07828', 'MAR07829', 'MAR07830', 'MAR07831', 'MAR07832', 'MAR07833', 'MAR07834', 'MAR07835', 'MAR07836', 'MAR07837', 'MAR07838', 'MAR07839', 'MAR07840', 'MAR07841', 'MAR07842', 'MAR07843', 'MAR07844', 'MAR07845', 'MAR07846', 'MAR07847', 'MAR07848', 'MAR07849', 'MAR07850', 'MAR07851', 'MAR07852', 'MAR07853', 'MAR07854', 'MAR05047', 'MAR20181', 'MAR20182', 'MAR20183']"
	ENSG00000092621	26227.1	MAM02896	MAM02896	m02896	ser_L	decrease	HMDB	"['MAR00719', 'MAR03839']"
	ENSG00000124615	4337.1	MAM02133	MAM02133	m02133	hcys_L	decrease	HMDB	['MAR07145']
	ENSG00000178445	2731.1	MAM01986	MAM01986	m01986	gly	increase	HMDB	['MAR08433']
	ENSG00000109929	6309.1	MAM02805	MAM02805	m02805	7dhchsterol	decrease	HMDB	"['MAR01516', 'MAR01557', 'MAR01558', 'MAR01508']"
Isovaleric Acidemia	ENSG00000128928	3712.1	MAM02564	MAM02564	m02564	nrvnc	increase	HMDB	['MAR03770']
	ENSG00000124615	4337.1	MAM03120	MAM03120	m03120	urate	decrease	HMDB	['MAR07145']
	ENSG00000140459	1583.1	MAM00971	MAM00971	m00971	andrstndn	increase	HMDB	"['MAR01928', 'MAR01929', 'MAR01932', 'MAR01934', 'MAR01935', 'MAR07935']"
	ENSG00000134240	3158.1	MAM02348	MAM02348	m02348	crn	increase	HMDB	['MAR01573']
	ENSG00000127948	5447.1	MAM01660	MAM01660	m01660	dhea	decrease	HMDB	['MAR09501']
	ENSG00000103507	10295.1	MAM01998	MAM01998	m01998	glyclt	decrease	HMDB	['MAR09535']
	ENSG00000101846	412.1	MAM01659	MAM01659	m01659	dheas	increase	HMDB	"['MAR01920', 'MAR07945', 'MAR07948', 'MAR07950', 'MAR07952', 'MAR01953', 'MAR01963', 'MAR02020', 'MAR02025', 'MAR00794', 'MAR01730', 'MAR01847', 'MAR02536', 'MAR02538', 'MAR02539', 'MAR02589', 'MAR02595', 'MAR02597', 'MAR02725', 'MAR02728', 'MAR02743', 'MAR02747', 'MAR02749', 'MAR02756', 'MAR02763', 'MAR03600', 'MAR03601', 'MAR03602', 'MAR03603']"
	ENSG00000144182	51601.1	MAM02770	MAM02770	m02770	pro_L	increase	HMDB	['MAR20168']
	ENSG00000159650	131669.1	MAM03124	MAM03124	m03124	urcan	decrease	HMDB	['MAR04712']
	ENSG00000091483	2271.1	MAM01003	MAM01003	m01003	4hphac	decrease	HMDB	"['MAR04408', 'MAR04410']"
	ENSG00000197249	5265.1	MAM01988	MAM01988	m01988	gchola	increase	HMDB	['MAR05153']
	ENSG00000134240	3158.1	MAM00157	MAM00157	m00157	bhb	decrease	HMDB	['MAR01573']
	ENSG00000189221	4128.1	MAM03136	MAM03136	m03136	3mox4hoxm	decrease	HMDB	['MAR06719']
Tyrosinemia Type I	ENSG00000103876	2184.1	MAM03101	MAM03101	m03101	tyr_L	increase	HMDB;vmh.life	['MAR06778']
	ENSG00000198805	4860.1	MAM02170	MAM02170	m02170	ins	increase	HMDB	"['MAR04574', 'MAR04603', 'MAR04651', 'MAR04663', 'MAR04709', 'MAR08486', 'MAR04662', 'MAR08791']"
	ENSG00000052802	6307.1	MAM01450	MAM01450	m01450	chsterol	decrease	HMDB	['MAR00116']
	ENSG00000197375	6584.1	MAM01388	MAM01388	m01388	M01388	decrease	HMDB	"['MAR02778', 'MAR02787', 'MAR02789', 'MAR02791', 'MAR02793', 'MAR02795', 'MAR02797', 'MAR02799', 'MAR02801', 'MAR02805', 'MAR02807', 'MAR02811', 'MAR02813', 'MAR02815', 'MAR02817', 'MAR02821', 'MAR02823', 'MAR02825', 'MAR02829', 'MAR02831', 'MAR02833', 'MAR02835', 'MAR02837', 'MAR02839', 'MAR02841', 'MAR02843', 'MAR02845', 'MAR02847', 'MAR02849', 'MAR02851', 'MAR02853', 'MAR02855', 'MAR02857', 'MAR02861', 'MAR02863', 'MAR02865', 'MAR02867', 'MAR02869', 'MAR02871', 'MAR02873', 'MAR02875', 'MAR02878', 'MAR02880', 'MAR02884', 'MAR02888', 'MAR02892', 'MAR02896', 'MAR02898', 'MAR02900', 'MAR02902', 'MAR02904', 'MAR02907', 'MAR02910', 'MAR02913', 'MAR02916', 'MAR02919', 'MAR02922', 'MAR02925', 'MAR02928', 'MAR02931', 'MAR08917', 'MAR03026', 'MAR02777', 'MAR09912', 'MAR09913', 'MAR09914', 'MAR09915', 'MAR09916', 'MAR09917', 'MAR09918']"
	ENSG00000140374;ENSG00000171503;ENSG00000105379	2108.1;2110.1;2109.2;2109.1	MAM02635	MAM02635	m02635	c4crn	increase	HMDB	['MAR06911']
	ENSG00000178537	788.1	MAM03408	MAM03408	adpac_	adpac	increase	HMDB	"['MAR00160', 'MAR00162', 'MAR02590', 'MAR00060', 'MAR00064', 'MAR00076', 'MAR00102', 'MAR00105', 'MAR00106', 'MAR00107', 'MAR00110', 'MAR00111', 'MAR00128', 'MAR00143', 'MAR00252', 'MAR00451', 'MAR00465', 'MAR01441', 'MAR01452', 'MAR01482', 'MAR01486', 'MAR01487', 'MAR01491', 'MAR01492', 'MAR01559', 'MAR01588', 'MAR01671', 'MAR01721', 'MAR01755', 'MAR01763', 'MAR01775', 'MAR01799', 'MAR01814', 'MAR04479', 'MAR04645', 'MAR04661', 'MAR04674', 'MAR04677', 'MAR04726', 'MAR04728', 'MAR04782', 'MAR05103', 'MAR06599', 'MAR06689', 'MAR06825']"
	ENSG00000124253	5105.1	MAM01588	MAM01588	m01588	citr_L	decrease	HMDB	['MAR04101']
	ENSG00000134240	3158.1	MAM01450	MAM01450	m01450	chsterol	decrease	HMDB	['MAR01573']
	ENSG00000178814	26873.1	MAM01127	MAM01127	m01127	5oxpro	increase	HMDB	['MAR03889']
	ENSG00000136872	229.1	MAM03120	MAM03120	m03120	urate	increase	HMDB	"['MAR08773', 'MAR01038']"
	ENSG00000070915	6559.1	MAM02482	MAM02482	m02482	mg2	decrease	HMDB	['MAR06524']
	ENSG00000091483	2271.1	MAM01306	MAM01306	m01306	akg	increase	HMDB	"['MAR04408', 'MAR04410']"
Leukotriene C4 Synthase Deficiency (Ltc4 Synthase Deficiency)	ENSG00000213316	4056.1;4056.2	MAM02418	MAM02418	m02418	leuktrD4	decrease	HMDB;vmh.life	"['MAR02552', 'MAR01081', 'MAR08550']"
Hereditary Coproporphyria	ENSG00000080819	1371.1	MAM01603	MAM01603	m01603	C05769	decrease	HMDB	['MAR04752']
	ENSG00000121897	11019.1	MAM01986	MAM01986	m01986	gly	increase	HMDB	['MAR06403']
	ENSG00000177000	4524.1	MAM02133	MAM02133	m02133	hcys_L	increase	HMDB	"['MAR04446', 'MAR04448']"
Isovaleric Acidemia	ENSG00000128928	3712.1	MAM02387	MAM02387	m02387	lnlc	increase	HMDB	['MAR03770']
	ENSG00000059573	5832.1	MAM02579	MAM02579	m02579	nh4	increase	HMDB	"['MAR03895', 'MAR03897', 'MAR09557']"
Carbamoyl phosphate synthetase I deficiency	ENSG00000021826	1373.1;1373.2	MAM01986	MAM01986	m01986	gly	decrease	HMDB;vmh.life	"['MAR03873', 'MAR08654']"
	ENSG00000108439	55163.1	MAM00830	MAM00830	m00830	CE2176	increase	HMDB	"['MAR04067', 'MAR04069', 'MAR04070', 'MAR04071']"
	ENSG00000091483	2271.1	MAM02819	MAM02819	m02819	pyr	increase	HMDB	"['MAR04408', 'MAR04410']"
	ENSG00000144182	51601.1	MAM02426	MAM02426	m02426	lys_L	increase	HMDB	['MAR20168']
	ENSG00000144182	51601.1	MAM01306	MAM01306	m01306	akg	increase	HMDB	['MAR20168']
	ENSG00000103507	10295.1	MAM02184	MAM02184	m02184	ile_L	decrease	HMDB	['MAR09535']
	ENSG00000140374;ENSG00000171503;ENSG00000105379	2108.1;2110.1;2109.2;2109.1	MAM02409	MAM02409	m02409	c8crn	increase	HMDB	['MAR06911']
	ENSG00000113924	3081.1	MAM02135	MAM02135	m02135	hgentis	increase	HMDB	['MAR06774']
Glutathione Synthetase Deficiency And 5-Oxoprolinuria	ENSG00000100983	2937.1	MAM02770	MAM02770	m02770	pro_L	increase	HMDB;vmh.life	['MAR04326']
	ENSG00000091140	1738.1	MAM01307	MAM01307	m01307	ala_L	increase	HMDB	"['MAR06409', 'MAR06397', 'MAR06404']"
"Hyperlysinemia I, Familial"	ENSG00000008311	10157.1	MAM02658	MAM02658	m02658	orn	increase	HMDB	"['MAR04288', 'MAR04668']"
	ENSG00000091483	2271.1	MAM02872	MAM02872	m02872	25aics	decrease	HMDB	"['MAR04408', 'MAR04410']"
	ENSG00000134240	3158.1	MAM03954	MAM03954	subeac_	subeac	increase	HMDB	['MAR01573']
	ENSG00000140459	1583.1	MAM02763	MAM02763	m02763	prgnlone	decrease	HMDB	"['MAR01928', 'MAR01929', 'MAR01932', 'MAR01934', 'MAR01935', 'MAR07935']"
Maple Syrup Urine Disease	ENSG00000248098	593.1	MAM02184	MAM02184	m02184	ile_L	increase	HMDB;vmh.life	"['MAR03800', 'MAR06419', 'MAR06421', 'MAR06416', 'MAR20174', 'MAR20175', 'MAR20176', 'MAR20177']"
	ENSG00000091483	2271.1	MAM01862	MAM01862	m01862	fum	increase	HMDB	"['MAR04408', 'MAR04410']"
	ENSG00000177000	4524.1	MAM02471	MAM02471	m02471	met_L	decrease	HMDB	"['MAR04446', 'MAR04448']"
	ENSG00000197375	6584.1	MAM02348	MAM02348	m02348	crn	decrease	HMDB	"['MAR02778', 'MAR02787', 'MAR02789', 'MAR02791', 'MAR02793', 'MAR02795', 'MAR02797', 'MAR02799', 'MAR02801', 'MAR02805', 'MAR02807', 'MAR02811', 'MAR02813', 'MAR02815', 'MAR02817', 'MAR02821', 'MAR02823', 'MAR02825', 'MAR02829', 'MAR02831', 'MAR02833', 'MAR02835', 'MAR02837', 'MAR02839', 'MAR02841', 'MAR02843', 'MAR02845', 'MAR02847', 'MAR02849', 'MAR02851', 'MAR02853', 'MAR02855', 'MAR02857', 'MAR02861', 'MAR02863', 'MAR02865', 'MAR02867', 'MAR02869', 'MAR02871', 'MAR02873', 'MAR02875', 'MAR02878', 'MAR02880', 'MAR02884', 'MAR02888', 'MAR02892', 'MAR02896', 'MAR02898', 'MAR02900', 'MAR02902', 'MAR02904', 'MAR02907', 'MAR02910', 'MAR02913', 'MAR02916', 'MAR02919', 'MAR02922', 'MAR02925', 'MAR02928', 'MAR02931', 'MAR08917', 'MAR03026', 'MAR02777', 'MAR09912', 'MAR09913', 'MAR09914', 'MAR09915', 'MAR09916', 'MAR09917', 'MAR09918']"
Leukotriene C4 Synthase Deficiency (Ltc4 Synthase Deficiency)	ENSG00000213316	4056.1;4056.2	MAM02369	MAM02369	m02369	leuktrE4	decrease	HMDB;vmh.life	"['MAR02552', 'MAR01081', 'MAR08550']"
	ENSG00000140459	1583.1	MAM02519	MAM02519	m02519	na1	decrease	HMDB	"['MAR01928', 'MAR01929', 'MAR01932', 'MAR01934', 'MAR01935', 'MAR07935']"
	ENSG00000138079;ENSG00000021488	6519.1;11136.1	MAM01629	MAM01629	m01629	Lcystin	increase	HMDB	"['MAR05550', 'MAR05907', 'MAR05908', 'MAR05909', 'MAR05910', 'MAR05911', 'MAR05912', 'MAR05913', 'MAR05914', 'MAR05915', 'MAR05916', 'MAR05917', 'MAR05918', 'MAR05919', 'MAR05920', 'MAR05921', 'MAR05922', 'MAR05923', 'MAR05924', 'MAR05925', 'MAR05926', 'MAR05927', 'MAR05928', 'MAR05929', 'MAR05930', 'MAR05931', 'MAR05932', 'MAR05933', 'MAR05934', 'MAR05935', 'MAR05936', 'MAR05937', 'MAR05938', 'MAR05939', 'MAR05940', 'MAR05941', 'MAR05942', 'MAR05943', 'MAR05944', 'MAR05945', 'MAR05946', 'MAR05947', 'MAR05948', 'MAR05949', 'MAR05950', 'MAR05951', 'MAR05952', 'MAR05953', 'MAR05954', 'MAR05955', 'MAR05956', 'MAR05957', 'MAR05958', 'MAR05959', 'MAR05960', 'MAR05961', 'MAR05962', 'MAR05963', 'MAR05964', 'MAR05965', 'MAR05966', 'MAR05967', 'MAR05968', 'MAR05969', 'MAR05970', 'MAR05971', 'MAR05972', 'MAR05973', 'MAR05974', 'MAR05975', 'MAR05976', 'MAR05977', 'MAR05978', 'MAR05979', 'MAR05980', 'MAR05981', 'MAR05982', 'MAR05983', 'MAR05984', 'MAR05985', 'MAR05986', 'MAR08687', 'MAR02226', 'MAR06891', 'MAR06892']"
	ENSG00000075415	5250.4;5250.1;5250.3;5250.2	MAM02403	MAM02403	m02403	lac_L	increase	HMDB	"['MAR05043', 'MAR13079']"
	ENSG00000084754	3030.1	MAM02403	MAM02403	m02403	lac_L	increase	HMDB	"['MAR03166', 'MAR03206', 'MAR02511', 'MAR02409', 'MAR03449', 'MAR03450', 'MAR03453', 'MAR03454', 'MAR03455', 'MAR03460', 'MAR03462', 'MAR03463', 'MAR03467', 'MAR03472', 'MAR01163', 'MAR01164', 'MAR01165', 'MAR01167', 'MAR01206', 'MAR01207', 'MAR01208', 'MAR01210', 'MAR01255', 'MAR01256', 'MAR01257', 'MAR01259', 'MAR01272', 'MAR01273', 'MAR01274', 'MAR01276', 'MAR01292', 'MAR01298', 'MAR01299', 'MAR03058', 'MAR03063', 'MAR03067', 'MAR03071', 'MAR03075', 'MAR03079', 'MAR03083', 'MAR03087', 'MAR03091', 'MAR03095', 'MAR03099', 'MAR03103', 'MAR03327', 'MAR03331', 'MAR03335', 'MAR03339', 'MAR03343', 'MAR03347', 'MAR03351', 'MAR03355', 'MAR03365', 'MAR03370', 'MAR03375', 'MAR03501', 'MAR03508', 'MAR03513', 'MAR03302', 'MAR03307', 'MAR03312', 'MAR03316', 'MAR03317', 'MAR03323', 'MAR03108', 'MAR03109', 'MAR03110', 'MAR03112', 'MAR03113', 'MAR03114', 'MAR03116', 'MAR03117', 'MAR03118', 'MAR03122', 'MAR03123', 'MAR03125', 'MAR03129', 'MAR03130', 'MAR03132', 'MAR03137', 'MAR03139', 'MAR03144', 'MAR03146', 'MAR03151', 'MAR03153', 'MAR03158', 'MAR03160', 'MAR03171', 'MAR03172', 'MAR03173', 'MAR03175', 'MAR03176', 'MAR03177', 'MAR03179', 'MAR03180', 'MAR03181', 'MAR03183', 'MAR03184', 'MAR03185', 'MAR03187', 'MAR03188', 'MAR03189', 'MAR03192', 'MAR03193', 'MAR03196', 'MAR03197', 'MAR03200', 'MAR03201', 'MAR03204', 'MAR03205', 'MAR03241', 'MAR03242', 'MAR03243', 'MAR03245', 'MAR03246', 'MAR03247', 'MAR03252', 'MAR03254', 'MAR03256', 'MAR03260', 'MAR03262', 'MAR03264', 'MAR03357', 'MAR03361', 'MAR03219', 'MAR03220', 'MAR03221', 'MAR03223', 'MAR03224', 'MAR03225', 'MAR03227', 'MAR03228', 'MAR03229', 'MAR03231', 'MAR03232', 'MAR03233', 'MAR03235', 'MAR03236', 'MAR03237', 'MAR03277', 'MAR03278', 'MAR03279', 'MAR03281', 'MAR03282', 'MAR03283', 'MAR03285', 'MAR03286', 'MAR03287', 'MAR03292', 'MAR03293', 'MAR01174', 'MAR01177', 'MAR01178', 'MAR01179', 'MAR01182', 'MAR01183', 'MAR01184', 'MAR01216', 'MAR01219', 'MAR01220', 'MAR01221', 'MAR01224', 'MAR01225', 'MAR01226', 'MAR03524', 'MAR03525', 'MAR03529', 'MAR03530', 'MAR03533', 'MAR03534', 'MAR00970', 'MAR05110', 'MAR05111', 'MAR05120', 'MAR05176', 'MAR05177', 'MAR05179', 'MAR05181', 'MAR05185', 'MAR05188', 'MAR05190', 'MAR05192', 'MAR05194', 'MAR05242', 'MAR05325', 'MAR05329', 'MAR05343', 'MAR05345', 'MAR05355', 'MAR05357', 'MAR05359', 'MAR05360', 'MAR05365', 'MAR05369', 'MAR05371', 'MAR05373', 'MAR05376', 'MAR05378', 'MAR05403', 'MAR06437', 'MAR06449', 'MAR06452']"
	ENSG00000153574	22934.1	MAM02383	MAM02383	m02383	C01507	decrease	HMDB	"['MAR04351', 'MAR04352']"
Glutathione Synthetase Deficiency And 5-Oxoprolinuria	ENSG00000100983	2937.1	MAM01127	MAM01127	m01127	5oxpro	increase	HMDB;vmh.life	['MAR04326']
Maple Syrup Urine Disease	ENSG00000248098	593.1	MAM00824	MAM00824	m00824	3mob	increase	HMDB	"['MAR03800', 'MAR06419', 'MAR06421', 'MAR06416', 'MAR20174', 'MAR20175', 'MAR20176', 'MAR20177']"
	ENSG00000173085	27235.1	MAM02403	MAM02403	m02403	lac_L	increase	HMDB	['MAR06903']
	ENSG00000198130	26275.1;26275.2	MAM02403	MAM02403	m02403	lac_L	increase	HMDB	"['MAR03755', 'MAR00043']"
	ENSG00000066926	2235.1;2235.2	MAM03125	MAM03125	m03125	C05767	decrease	HMDB	['MAR01044']
	ENSG00000161533	51.1;51.2	MAM02746	MAM02746	m02746c;phyt_c;MAM03884	CE2414;phyt	decrease	HMDB	"['MAR00759', 'MAR00777', 'MAR00800', 'MAR00833', 'MAR00872', 'MAR00927', 'MAR00952', 'MAR00968', 'MAR00972', 'MAR00974', 'MAR00975', 'MAR00977', 'MAR00978', 'MAR00982', 'MAR01001', 'MAR01005', 'MAR03366', 'MAR03371', 'MAR03997', 'MAR04003', 'MAR04981', 'MAR05025', 'MAR05026', 'MAR05097', 'MAR05100', 'MAR05119', 'MAR05175', 'MAR05178', 'MAR05180', 'MAR05182', 'MAR05189', 'MAR05196', 'MAR05300', 'MAR05327', 'MAR05331', 'MAR05350', 'MAR05366', 'MAR05372', 'MAR05374', 'MAR05377', 'MAR05382', 'MAR05421', 'MAR05428', 'MAR05431', 'MAR06284', 'MAR06285', 'MAR06322', 'MAR06344', 'MAR06345', 'MAR11529', 'MAR11534', 'MAR11539']"
	ENSG00000144182	51601.1	MAM03135	MAM03135	m03135	val_L	decrease	HMDB	['MAR20168']
	ENSG00000070915	6559.1	MAM02046	MAM02046	m02046	hco3	increase	HMDB	['MAR06524']
	ENSG00000091483	2271.1	MAM01998	MAM01998	m01998	glyclt	decrease	HMDB	"['MAR04408', 'MAR04410']"
Tyrosinemia Type II	ENSG00000158104	3242.1	MAM03101	MAM03101	m03101	tyr_L	increase	HMDB;vmh.life	['MAR06772']
Pyruvate Carboxylase Deficiency	ENSG00000173599	5091.1;5091.2	MAM02403	MAM02403	m02403	lac_L	increase	HMDB;vmh.life	['MAR04143']
"Hyperlysinemia I, Familial"	ENSG00000008311	10157.1	MAM01365	MAM01365	m01365	arg_L	increase	HMDB	"['MAR04288', 'MAR04668']"
	ENSG00000103507	10295.1	MAM03135	MAM03135	m03135	val_L	decrease	HMDB	['MAR09535']
Fish-Eye Disease/ Lcat Deficiency	ENSG00000213398	3931.1	MAM01396	MAM01396	m01396	bilirub	increase	HMDB	"['MAR00634', 'MAR01475']"
	ENSG00000117054	34.1	MAM03287	MAM03287	5ohhexa_	5ohhexa	increase	HMDB	"['MAR00751', 'MAR00774', 'MAR04978', 'MAR05030', 'MAR05044', 'MAR05095', 'MAR05098', 'MAR06319', 'MAR06320', 'MAR06347', 'MAR06378']"
	ENSG00000119899	26503.1	MAM02543	MAM02543	m02543	acnam	increase	HMDB	"['MAR07196', 'MAR08887', 'MAR08908']"
	ENSG00000125454	60386.1	MAM01306	MAM01306	m01306	akg	increase	HMDB	"['MAR04933', 'MAR06332', 'MAR06333', 'MAR06334', 'MAR06335', 'MAR06336', 'MAR06337', 'MAR06338', 'MAR06339', 'MAR06340', 'MAR06341', 'MAR06342', 'MAR06343', 'MAR07804', 'MAR07806', 'MAR07808', 'MAR07810', 'MAR07812', 'MAR07814', 'MAR07815', 'MAR07816', 'MAR07818', 'MAR07820', 'MAR07822', 'MAR07824', 'MAR07825', 'MAR07826', 'MAR07827', 'MAR07828', 'MAR07829', 'MAR07830', 'MAR07831', 'MAR07832', 'MAR07833', 'MAR07834', 'MAR07835', 'MAR07836', 'MAR07837', 'MAR07838', 'MAR07839', 'MAR07840', 'MAR07841', 'MAR07842', 'MAR07843', 'MAR07844', 'MAR07845', 'MAR07846', 'MAR07847', 'MAR07848', 'MAR07849', 'MAR07850', 'MAR07851', 'MAR07852', 'MAR07853', 'MAR07854', 'MAR05047', 'MAR20181', 'MAR20182', 'MAR20183']"
	ENSG00000134240	3158.1	MAM03614	MAM03614	glutar_	glutar	increase	HMDB	['MAR01573']
	ENSG00000117054	34.1	MAM02642	MAM02642	m02642	octa	increase	HMDB	"['MAR00751', 'MAR00774', 'MAR04978', 'MAR05030', 'MAR05044', 'MAR05095', 'MAR05098', 'MAR06319', 'MAR06320', 'MAR06347', 'MAR06378']"
	ENSG00000140459	1583.1	MAM01309	MAM01309	m01309	aldstrn	decrease	HMDB	"['MAR01928', 'MAR01929', 'MAR01932', 'MAR01934', 'MAR01935', 'MAR07935']"
	ENSG00000101276	113278.1	MAM01621	MAM01621	m01621	crtn	decrease	HMDB	['MAR08730']
	ENSG00000072506	3028.1	MAM03997	MAM03997	tiggly_	tiggly	increase	HMDB	"['MAR03166', 'MAR03450', 'MAR03454', 'MAR01165', 'MAR01208', 'MAR01257', 'MAR01274', 'MAR03109', 'MAR03113', 'MAR03117', 'MAR03123', 'MAR03130', 'MAR03137', 'MAR03144', 'MAR03151', 'MAR03158', 'MAR03172', 'MAR03176', 'MAR03180', 'MAR03184', 'MAR03188', 'MAR03192', 'MAR03196', 'MAR03200', 'MAR03204', 'MAR03242', 'MAR03246', 'MAR03254', 'MAR03262', 'MAR03220', 'MAR03224', 'MAR03228', 'MAR03232', 'MAR03236', 'MAR03278', 'MAR03282', 'MAR03286', 'MAR03292', 'MAR01178', 'MAR01183', 'MAR01220', 'MAR01225', 'MAR03524', 'MAR03529', 'MAR03533', 'MAR03808', 'MAR03812', 'MAR03876', 'MAR03983']"
	ENSG00000091483	2271.1	MAM00157	MAM00157	m00157	bhb	increase	HMDB	"['MAR04408', 'MAR04410']"
Phenylketonuria	ENSG00000171759	5053.1	MAM02725	MAM02725	m02725	phpyr	increase	HMDB;vmh.life	['MAR08539']
	ENSG00000117054	34.1	MAM02120	MAM02120	m02120	caproic	increase	HMDB	"['MAR00751', 'MAR00774', 'MAR04978', 'MAR05030', 'MAR05044', 'MAR05095', 'MAR05098', 'MAR06319', 'MAR06320', 'MAR06347', 'MAR06378']"
	ENSG00000156110	132.1;132.2	MAM02871	MAM02871	m02871	ahcys	increase	HMDB	['MAR04012']
Phenylketonuria	ENSG00000171759	5053.1	MAM00409	MAM00409	m00409	17ahprgstrn	increase	HMDB	['MAR08539']
Primary Hyperoxaluria-Type 1	ENSG00000172482	189.1	MAM02661	MAM02661	m02661	oxa	increase	HMDB;vmh.life	"['MAR04198', 'MAR04467', 'MAR04791']"
	ENSG00000135821	2752.1	MAM01975	MAM01975	m01975	gln_L	decrease	HMDB	['MAR03890']
	ENSG00000102393	2717.1	MAM20073	MAM20073			increase	HMDB	"['MAR08217', 'MAR00803', 'MAR12053']"
	ENSG00000136872	229.1	MAM02482	MAM02482	m02482	mg2	increase	HMDB	"['MAR08773', 'MAR01038']"
Isovaleric Acidemia	ENSG00000128928	3712.1	MAM01291	MAM01291	m01291	adrn	increase	HMDB	['MAR03770']
	ENSG00000108439	55163.1	MAM02993	MAM02993	m02993	thr_L	increase	HMDB	"['MAR04067', 'MAR04069', 'MAR04070', 'MAR04071']"
	ENSG00000144182	51601.1	MAM02819	MAM02819	m02819	pyr	increase	HMDB	['MAR20168']
	ENSG00000140459	1583.1	MAM00409	MAM00409	m00409	17ahprgstrn	decrease	HMDB	"['MAR01928', 'MAR01929', 'MAR01932', 'MAR01934', 'MAR01935', 'MAR07935']"
	ENSG00000091140	1738.1	MAM00648	MAM00648	m00648	2hb	increase	HMDB	"['MAR06409', 'MAR06397', 'MAR06404']"
	ENSG00000166816	197257.1;197257.2	MAM03120	MAM03120	m03120	urate	increase	HMDB	"['MAR03859', 'MAR08512']"
Phenylketonuria	ENSG00000171759	5053.1	MAM01626	MAM01626	m01626	cgly	decrease	HMDB	['MAR08539']
	ENSG00000156110	132.1;132.2	MAM02877	MAM02877	m02877	amet	increase	HMDB	['MAR04012']
	ENSG00000162551	249.1	MAM01798	MAM01798	m01798	ethamp	increase	HMDB	['MAR02186']
	ENSG00000124615	4337.1	MAM03118	MAM03118	m03118	ura	increase	HMDB	['MAR07145']
	ENSG00000059573	5832.1	MAM02770	MAM02770	m02770	pro_L	decrease	HMDB	"['MAR03895', 'MAR03897', 'MAR09557']"
Phenylketonuria	ENSG00000171759	5053.1	MAM02720	MAM02720	m02720	pac	increase	HMDB	['MAR08539']
	ENSG00000059573	5832.1	MAM01365	MAM01365	m01365	arg_L	decrease	HMDB	"['MAR03895', 'MAR03897', 'MAR09557']"
	ENSG00000103150	23417.1	MAM03954	MAM03954	subeac_	subeac	increase	HMDB	"['MAR04105', 'MAR04106', 'MAR04107', 'MAR08787', 'MAR01521', 'MAR01522']"
	ENSG00000140459	1583.1	MAM02769	MAM02769	m02769	prgstrn	decrease	HMDB	"['MAR01928', 'MAR01929', 'MAR01932', 'MAR01934', 'MAR01935', 'MAR07935']"
	ENSG00000153574	22934.1	MAM01759	MAM01759	m01759	xylu_D	increase	HMDB	"['MAR04351', 'MAR04352']"
Lesch-Nyhan Syndrome	ENSG00000165704	3251.1	MAM01621	MAM01621	m01621	crtn	increase	HMDB	"['MAR04418', 'MAR04452']"
	ENSG00000176387	3291.1	MAM02200	MAM02200	m02200	k	decrease	HMDB	['MAR07943']
	ENSG00000144182	51601.1	MAM02184	MAM02184	m02184	ile_L	decrease	HMDB	['MAR20168']
	ENSG00000091483	2271.1	MAM02661	MAM02661	m02661	oxa	increase	HMDB	"['MAR04408', 'MAR04410']"
Phenylketonuria	ENSG00000171759	5053.1	MAM03135	MAM03135	m03135	val_L	decrease	HMDB	['MAR08539']
	ENSG00000159650	131669.1	MAM02137	MAM02137	m02137	homoval	decrease	HMDB	['MAR04712']
	ENSG00000144182	51601.1	MAM02046	MAM02046	m02046	hco3	decrease	HMDB	['MAR20168']
	ENSG00000140459	1583.1	MAM01660	MAM01660	m01660	dhea	decrease	HMDB	"['MAR01928', 'MAR01929', 'MAR01932', 'MAR01934', 'MAR01935', 'MAR07935']"
N-Acetylglutamate Synthase Deficiency	ENSG00000161653	162417.1	MAM01365	MAM01365	m01365	arg_L	increase	HMDB	"['MAR08416', 'MAR05418', 'MAR05419']"
	ENSG00000178537	788.1	MAM03954	MAM03954	subeac_	subeac	increase	HMDB	"['MAR00160', 'MAR00162', 'MAR02590', 'MAR00060', 'MAR00064', 'MAR00076', 'MAR00102', 'MAR00105', 'MAR00106', 'MAR00107', 'MAR00110', 'MAR00111', 'MAR00128', 'MAR00143', 'MAR00252', 'MAR00451', 'MAR00465', 'MAR01441', 'MAR01452', 'MAR01482', 'MAR01486', 'MAR01487', 'MAR01491', 'MAR01492', 'MAR01559', 'MAR01588', 'MAR01671', 'MAR01721', 'MAR01755', 'MAR01763', 'MAR01775', 'MAR01799', 'MAR01814', 'MAR04479', 'MAR04645', 'MAR04661', 'MAR04674', 'MAR04677', 'MAR04726', 'MAR04728', 'MAR04782', 'MAR05103', 'MAR06599', 'MAR06689', 'MAR06825']"
	ENSG00000091140	1738.1	MAM02819	MAM02819	m02819	pyr	increase	HMDB	"['MAR06409', 'MAR06397', 'MAR06404']"
	ENSG00000121897	11019.1	MAM02403	MAM02403	m02403	lac_L	increase	HMDB	['MAR06403']
	ENSG00000101846	412.1	MAM01790	MAM01790	m01790	estrone	increase	HMDB	"['MAR01920', 'MAR07945', 'MAR07948', 'MAR07950', 'MAR07952', 'MAR01953', 'MAR01963', 'MAR02020', 'MAR02025', 'MAR00794', 'MAR01730', 'MAR01847', 'MAR02536', 'MAR02538', 'MAR02539', 'MAR02589', 'MAR02595', 'MAR02597', 'MAR02725', 'MAR02728', 'MAR02743', 'MAR02747', 'MAR02749', 'MAR02756', 'MAR02763', 'MAR03600', 'MAR03601', 'MAR03602', 'MAR03603']"
	ENSG00000091140	1738.1	MAM02360	MAM02360	m02360	leu_L	increase	HMDB	"['MAR06409', 'MAR06397', 'MAR06404']"
Phenylketonuria	ENSG00000171759	5053.1	MAM01004	MAM01004	m01004	34hpl	increase	HMDB	['MAR08539']
	ENSG00000144182	51601.1	MAM02360	MAM02360	m02360	leu_L	decrease	HMDB	['MAR20168']
	ENSG00000140459	1583.1	MAM01388	MAM01388	m01388	M01388	decrease	HMDB	"['MAR01928', 'MAR01929', 'MAR01932', 'MAR01934', 'MAR01935', 'MAR07935']"
	ENSG00000134240	3158.1	MAM03923	MAM03923	sebacid_	sebacid	increase	HMDB	['MAR01573']
	ENSG00000189221	4128.1	MAM02897	MAM02897	m02897	srtn	increase	HMDB	['MAR06719']
	ENSG00000140374;ENSG00000171503;ENSG00000105379	2108.1;2110.1;2109.2;2109.1	MAM02973	MAM02973	m02973	M02973	increase	HMDB	['MAR06911']
Isovaleric Acidemia	ENSG00000128928	3712.1	MAM00094	MAM00094	m00094	dcsptn1	increase	HMDB	['MAR03770']
	ENSG00000134240	3158.1	MAM03575	MAM03575	ethmalac_	ethmalac	increase	HMDB	['MAR01573']
	ENSG00000147155	10682.1	MAM03329	MAM03329	CE1297_	CE1297	increase	HMDB	"['MAR01512', 'MAR01553', 'MAR00443', 'MAR02339']"
	ENSG00000162551	249.1	MAM02814	MAM02814	m02814	pydx5p	increase	HMDB	['MAR02186']
	ENSG00000178537	788.1	MAM03923	MAM03923	sebacid_	sebacid	decrease	HMDB	"['MAR00160', 'MAR00162', 'MAR02590', 'MAR00060', 'MAR00064', 'MAR00076', 'MAR00102', 'MAR00105', 'MAR00106', 'MAR00107', 'MAR00110', 'MAR00111', 'MAR00128', 'MAR00143', 'MAR00252', 'MAR00451', 'MAR00465', 'MAR01441', 'MAR01452', 'MAR01482', 'MAR01486', 'MAR01487', 'MAR01491', 'MAR01492', 'MAR01559', 'MAR01588', 'MAR01671', 'MAR01721', 'MAR01755', 'MAR01763', 'MAR01775', 'MAR01799', 'MAR01814', 'MAR04479', 'MAR04645', 'MAR04661', 'MAR04674', 'MAR04677', 'MAR04726', 'MAR04728', 'MAR04782', 'MAR05103', 'MAR06599', 'MAR06689', 'MAR06825']"
Leukotriene C4 Synthase Deficiency (Ltc4 Synthase Deficiency)	ENSG00000213316	4056.1;4056.2	MAM02366	MAM02366	m02366	leuktrC4	decrease	HMDB;vmh.life	"['MAR02552', 'MAR01081', 'MAR08550']"
Pyruvate Carboxylase Deficiency	ENSG00000173599	5091.1;5091.2	MAM00157	MAM00157	m00157	bhb	increase	HMDB;vmh.life	['MAR04143']
	ENSG00000103507	10295.1	MAM02142	MAM02142	m02142	3hpp	decrease	HMDB	['MAR09535']
	ENSG00000140374;ENSG00000171503;ENSG00000105379	2108.1;2110.1;2109.2;2109.1	MAM03620	MAM03620	glyc_S_	glyc_S	increase	HMDB	['MAR06911']
	ENSG00000140374;ENSG00000171503;ENSG00000105379	2108.1;2110.1;2109.2;2109.1	MAM03488	MAM03488	c10crn_	c10crn	increase	HMDB	['MAR06911']
Phenylketonuria	ENSG00000171759	5053.1	MAM01003	MAM01003	m01003	4hphac	increase	HMDB	['MAR08539']
N-Acetylglutamate Synthase Deficiency	ENSG00000161653	162417.1	MAM02658	MAM02658	m02658	orn	increase	HMDB;vmh.life	"['MAR08416', 'MAR05418', 'MAR05419']"
	ENSG00000134240	3158.1	MAM03408	MAM03408	adpac_	adpac	increase	HMDB	['MAR01573']
	ENSG00000134240	3158.1	MAM01388	MAM01388	m01388	M01388	decrease	HMDB	['MAR01573']
Lesch-Nyhan Syndrome	ENSG00000165704	3251.1	MAM02037	MAM02037	m02037	gua	increase	HMDB	"['MAR04418', 'MAR04452']"
	ENSG00000123454	1621.1	MAM01736	MAM01736	m01736	dopa	increase	HMDB	['MAR06741']
	ENSG00000124299	5184.1	MAM03630	MAM03630	glypro_	glypro	increase	HMDB	"['MAR07193', 'MAR11414']"
	ENSG00000108439	55163.1	MAM02125	MAM02125	m02125	his_L	increase	HMDB	"['MAR04067', 'MAR04069', 'MAR04070', 'MAR04071']"
	ENSG00000108439	55163.1	MAM02137	MAM02137	m02137	homoval	decrease	HMDB	"['MAR04067', 'MAR04069', 'MAR04070', 'MAR04071']"
	ENSG00000091140	1738.1	MAM01306	MAM01306	m01306	akg	increase	HMDB	"['MAR06409', 'MAR06397', 'MAR06404']"
Hereditary Coproporphyria	ENSG00000080819	1371.1	MAM01604	MAM01604	m01604	C05770	increase	HMDB;vmh.life	['MAR04752']
	ENSG00000127948	5447.1	MAM00408	MAM00408	m00408	17ahprgnlone	increase	HMDB	['MAR09501']
	ENSG00000130005	2593.1;2593.2	MAM02579	MAM02579	m02579	nh4	increase	HMDB	['MAR04583']
	ENSG00000153574	22934.1	MAM02841	MAM02841	m02841	rbt	increase	HMDB	"['MAR04351', 'MAR04352']"
Primary Hyperoxaluria-Type 1	ENSG00000172482	189.1	MAM01998	MAM01998	m01998	glyclt	increase	HMDB;vmh.life	"['MAR04198', 'MAR04467', 'MAR04791']"
	ENSG00000140374;ENSG00000171503;ENSG00000105379	2108.1;2110.1;2109.2;2109.1	MAM02388	MAM02388	m02388	lnlccrn	increase	HMDB	['MAR06911']
	ENSG00000084754	3030.1	MAM02348	MAM02348	m02348	crn	decrease	HMDB	"['MAR03166', 'MAR03206', 'MAR02511', 'MAR02409', 'MAR03449', 'MAR03450', 'MAR03453', 'MAR03454', 'MAR03455', 'MAR03460', 'MAR03462', 'MAR03463', 'MAR03467', 'MAR03472', 'MAR01163', 'MAR01164', 'MAR01165', 'MAR01167', 'MAR01206', 'MAR01207', 'MAR01208', 'MAR01210', 'MAR01255', 'MAR01256', 'MAR01257', 'MAR01259', 'MAR01272', 'MAR01273', 'MAR01274', 'MAR01276', 'MAR01292', 'MAR01298', 'MAR01299', 'MAR03058', 'MAR03063', 'MAR03067', 'MAR03071', 'MAR03075', 'MAR03079', 'MAR03083', 'MAR03087', 'MAR03091', 'MAR03095', 'MAR03099', 'MAR03103', 'MAR03327', 'MAR03331', 'MAR03335', 'MAR03339', 'MAR03343', 'MAR03347', 'MAR03351', 'MAR03355', 'MAR03365', 'MAR03370', 'MAR03375', 'MAR03501', 'MAR03508', 'MAR03513', 'MAR03302', 'MAR03307', 'MAR03312', 'MAR03316', 'MAR03317', 'MAR03323', 'MAR03108', 'MAR03109', 'MAR03110', 'MAR03112', 'MAR03113', 'MAR03114', 'MAR03116', 'MAR03117', 'MAR03118', 'MAR03122', 'MAR03123', 'MAR03125', 'MAR03129', 'MAR03130', 'MAR03132', 'MAR03137', 'MAR03139', 'MAR03144', 'MAR03146', 'MAR03151', 'MAR03153', 'MAR03158', 'MAR03160', 'MAR03171', 'MAR03172', 'MAR03173', 'MAR03175', 'MAR03176', 'MAR03177', 'MAR03179', 'MAR03180', 'MAR03181', 'MAR03183', 'MAR03184', 'MAR03185', 'MAR03187', 'MAR03188', 'MAR03189', 'MAR03192', 'MAR03193', 'MAR03196', 'MAR03197', 'MAR03200', 'MAR03201', 'MAR03204', 'MAR03205', 'MAR03241', 'MAR03242', 'MAR03243', 'MAR03245', 'MAR03246', 'MAR03247', 'MAR03252', 'MAR03254', 'MAR03256', 'MAR03260', 'MAR03262', 'MAR03264', 'MAR03357', 'MAR03361', 'MAR03219', 'MAR03220', 'MAR03221', 'MAR03223', 'MAR03224', 'MAR03225', 'MAR03227', 'MAR03228', 'MAR03229', 'MAR03231', 'MAR03232', 'MAR03233', 'MAR03235', 'MAR03236', 'MAR03237', 'MAR03277', 'MAR03278', 'MAR03279', 'MAR03281', 'MAR03282', 'MAR03283', 'MAR03285', 'MAR03286', 'MAR03287', 'MAR03292', 'MAR03293', 'MAR01174', 'MAR01177', 'MAR01178', 'MAR01179', 'MAR01182', 'MAR01183', 'MAR01184', 'MAR01216', 'MAR01219', 'MAR01220', 'MAR01221', 'MAR01224', 'MAR01225', 'MAR01226', 'MAR03524', 'MAR03525', 'MAR03529', 'MAR03530', 'MAR03533', 'MAR03534', 'MAR00970', 'MAR05110', 'MAR05111', 'MAR05120', 'MAR05176', 'MAR05177', 'MAR05179', 'MAR05181', 'MAR05185', 'MAR05188', 'MAR05190', 'MAR05192', 'MAR05194', 'MAR05242', 'MAR05325', 'MAR05329', 'MAR05343', 'MAR05345', 'MAR05355', 'MAR05357', 'MAR05359', 'MAR05360', 'MAR05365', 'MAR05369', 'MAR05371', 'MAR05373', 'MAR05376', 'MAR05378', 'MAR05403', 'MAR06437', 'MAR06449', 'MAR06452']"
Isovaleric Acidemia	ENSG00000128928	3712.1	MAM02190	MAM02190	m02190	CE4968	increase	HMDB	['MAR03770']
	ENSG00000084754	3030.1	MAM01388	MAM01388	m01388	M01388	decrease	HMDB	"['MAR03166', 'MAR03206', 'MAR02511', 'MAR02409', 'MAR03449', 'MAR03450', 'MAR03453', 'MAR03454', 'MAR03455', 'MAR03460', 'MAR03462', 'MAR03463', 'MAR03467', 'MAR03472', 'MAR01163', 'MAR01164', 'MAR01165', 'MAR01167', 'MAR01206', 'MAR01207', 'MAR01208', 'MAR01210', 'MAR01255', 'MAR01256', 'MAR01257', 'MAR01259', 'MAR01272', 'MAR01273', 'MAR01274', 'MAR01276', 'MAR01292', 'MAR01298', 'MAR01299', 'MAR03058', 'MAR03063', 'MAR03067', 'MAR03071', 'MAR03075', 'MAR03079', 'MAR03083', 'MAR03087', 'MAR03091', 'MAR03095', 'MAR03099', 'MAR03103', 'MAR03327', 'MAR03331', 'MAR03335', 'MAR03339', 'MAR03343', 'MAR03347', 'MAR03351', 'MAR03355', 'MAR03365', 'MAR03370', 'MAR03375', 'MAR03501', 'MAR03508', 'MAR03513', 'MAR03302', 'MAR03307', 'MAR03312', 'MAR03316', 'MAR03317', 'MAR03323', 'MAR03108', 'MAR03109', 'MAR03110', 'MAR03112', 'MAR03113', 'MAR03114', 'MAR03116', 'MAR03117', 'MAR03118', 'MAR03122', 'MAR03123', 'MAR03125', 'MAR03129', 'MAR03130', 'MAR03132', 'MAR03137', 'MAR03139', 'MAR03144', 'MAR03146', 'MAR03151', 'MAR03153', 'MAR03158', 'MAR03160', 'MAR03171', 'MAR03172', 'MAR03173', 'MAR03175', 'MAR03176', 'MAR03177', 'MAR03179', 'MAR03180', 'MAR03181', 'MAR03183', 'MAR03184', 'MAR03185', 'MAR03187', 'MAR03188', 'MAR03189', 'MAR03192', 'MAR03193', 'MAR03196', 'MAR03197', 'MAR03200', 'MAR03201', 'MAR03204', 'MAR03205', 'MAR03241', 'MAR03242', 'MAR03243', 'MAR03245', 'MAR03246', 'MAR03247', 'MAR03252', 'MAR03254', 'MAR03256', 'MAR03260', 'MAR03262', 'MAR03264', 'MAR03357', 'MAR03361', 'MAR03219', 'MAR03220', 'MAR03221', 'MAR03223', 'MAR03224', 'MAR03225', 'MAR03227', 'MAR03228', 'MAR03229', 'MAR03231', 'MAR03232', 'MAR03233', 'MAR03235', 'MAR03236', 'MAR03237', 'MAR03277', 'MAR03278', 'MAR03279', 'MAR03281', 'MAR03282', 'MAR03283', 'MAR03285', 'MAR03286', 'MAR03287', 'MAR03292', 'MAR03293', 'MAR01174', 'MAR01177', 'MAR01178', 'MAR01179', 'MAR01182', 'MAR01183', 'MAR01184', 'MAR01216', 'MAR01219', 'MAR01220', 'MAR01221', 'MAR01224', 'MAR01225', 'MAR01226', 'MAR03524', 'MAR03525', 'MAR03529', 'MAR03530', 'MAR03533', 'MAR03534', 'MAR00970', 'MAR05110', 'MAR05111', 'MAR05120', 'MAR05176', 'MAR05177', 'MAR05179', 'MAR05181', 'MAR05185', 'MAR05188', 'MAR05190', 'MAR05192', 'MAR05194', 'MAR05242', 'MAR05325', 'MAR05329', 'MAR05343', 'MAR05345', 'MAR05355', 'MAR05357', 'MAR05359', 'MAR05360', 'MAR05365', 'MAR05369', 'MAR05371', 'MAR05373', 'MAR05376', 'MAR05378', 'MAR05403', 'MAR06437', 'MAR06449', 'MAR06452']"
	ENSG00000123454	1621.1	MAM02617	MAM02617	m02617	nrpphr	decrease	HMDB	['MAR06741']
	ENSG00000076351	113235.1	MAM01830	MAM01830	m01830	fol	decrease	HMDB	"['MAR07735', 'MAR06893', 'MAR11787']"
	ENSG00000153574	22934.1	MAM02338	MAM02338	m02338	abt	increase	HMDB	"['MAR04351', 'MAR04352']"
	ENSG00000127948	5447.1	MAM02769	MAM02769	m02769	prgstrn	increase	HMDB	['MAR09501']
	ENSG00000059573	5832.1	MAM01588	MAM01588	m01588	citr_L	decrease	HMDB	"['MAR03895', 'MAR03897', 'MAR09557']"
	ENSG00000091140	1738.1	MAM02403	MAM02403	m02403	lac_L	increase	HMDB	"['MAR06409', 'MAR06397', 'MAR06404']"
	ENSG00000140459	1583.1	MAM00408	MAM00408	m00408	17ahprgnlone	decrease	HMDB	"['MAR01928', 'MAR01929', 'MAR01932', 'MAR01934', 'MAR01935', 'MAR07935']"
N-Acetylglutamate Synthase Deficiency	ENSG00000161653	162417.1	MAM02579	MAM02579	m02579	nh4	increase	HMDB;vmh.life	"['MAR08416', 'MAR05418', 'MAR05419']"
	ENSG00000156110	132.1;132.2	MAM01280	MAM01280	m01280	adn	increase	HMDB	['MAR04012']
	ENSG00000101846	412.1	MAM01789	MAM01789	m01789	estrones	increase	HMDB	"['MAR01920', 'MAR07945', 'MAR07948', 'MAR07950', 'MAR07952', 'MAR01953', 'MAR01963', 'MAR02020', 'MAR02025', 'MAR00794', 'MAR01730', 'MAR01847', 'MAR02536', 'MAR02538', 'MAR02539', 'MAR02589', 'MAR02595', 'MAR02597', 'MAR02725', 'MAR02728', 'MAR02743', 'MAR02747', 'MAR02749', 'MAR02756', 'MAR02763', 'MAR03600', 'MAR03601', 'MAR03602', 'MAR03603']"
	ENSG00000161533	51.1;51.2	MAM01432	MAM01432	m01432	hexc	increase	HMDB	"['MAR00759', 'MAR00777', 'MAR00800', 'MAR00833', 'MAR00872', 'MAR00927', 'MAR00952', 'MAR00968', 'MAR00972', 'MAR00974', 'MAR00975', 'MAR00977', 'MAR00978', 'MAR00982', 'MAR01001', 'MAR01005', 'MAR03366', 'MAR03371', 'MAR03997', 'MAR04003', 'MAR04981', 'MAR05025', 'MAR05026', 'MAR05097', 'MAR05100', 'MAR05119', 'MAR05175', 'MAR05178', 'MAR05180', 'MAR05182', 'MAR05189', 'MAR05196', 'MAR05300', 'MAR05327', 'MAR05331', 'MAR05350', 'MAR05366', 'MAR05372', 'MAR05374', 'MAR05377', 'MAR05382', 'MAR05421', 'MAR05428', 'MAR05431', 'MAR06284', 'MAR06285', 'MAR06322', 'MAR06344', 'MAR06345', 'MAR11529', 'MAR11534', 'MAR11539']"
	ENSG00000109929	6309.1	MAM02343	MAM02343	m02343	lthstrl	increase	HMDB	"['MAR01516', 'MAR01557', 'MAR01558', 'MAR01508']"
	ENSG00000124253	5105.1	MAM01365	MAM01365	m01365	arg_L	decrease	HMDB	['MAR04101']
Hyperprolinemia Type Ii	ENSG00000159423	8659.1;8659.2	MAM02770	MAM02770	m02770	pro_L	increase	HMDB;vmh.life	"['MAR03822', 'MAR03806', 'MAR03819', 'MAR03820']"
	ENSG00000110921	4598.1	MAM00167	MAM00167	m00167	mev_R	increase	HMDB	"['MAR01445', 'MAR01520']"
Hyperprolinemia Type I	ENSG00000100033	5625.1	MAM02770	MAM02770	m02770	pro_L	increase	HMDB;vmh.life	['MAR08611']
	ENSG00000101846	412.1	MAM01787	MAM01787	m01787	estradiol	decrease	HMDB	"['MAR01920', 'MAR07945', 'MAR07948', 'MAR07950', 'MAR07952', 'MAR01953', 'MAR01963', 'MAR02020', 'MAR02025', 'MAR00794', 'MAR01730', 'MAR01847', 'MAR02536', 'MAR02538', 'MAR02539', 'MAR02589', 'MAR02595', 'MAR02597', 'MAR02725', 'MAR02728', 'MAR02743', 'MAR02747', 'MAR02749', 'MAR02756', 'MAR02763', 'MAR03600', 'MAR03601', 'MAR03602', 'MAR03603']"
	ENSG00000140459	1583.1	MAM02200	MAM02200	m02200	k	increase	HMDB	"['MAR01928', 'MAR01929', 'MAR01932', 'MAR01934', 'MAR01935', 'MAR07935']"
	ENSG00000239900	158.1;158.2	MAM02872	MAM02872	m02872	25aics	increase	HMDB	"['MAR04412', 'MAR04812']"
	ENSG00000103150	23417.1	MAM03408	MAM03408	adpac_	adpac	increase	HMDB	"['MAR04105', 'MAR04106', 'MAR04107', 'MAR08787', 'MAR01521', 'MAR01522']"
Pyruvate Carboxylase Deficiency	ENSG00000173599	5091.1;5091.2	MAM02579	MAM02579	m02579	nh4	increase	HMDB;vmh.life	['MAR04143']
Argininosuccinic Aciduria	ENSG00000126522	435.1	MAM01588	MAM01588	m01588	citr_L	decrease	HMDB;vmh.life	['MAR03813']
	ENSG00000100024	51733.1	MAM01705	MAM01705	m01705	56dthm	increase	HMDB	"['MAR04819', 'MAR04347']"
	ENSG00000183044	18.1;18.2	MAM01383	MAM01383	m01383	ala_B	increase	HMDB	"['MAR04693', 'MAR08088', 'MAR04330', 'MAR08089']"
	ENSG00000213930	2592.1;2592.3;2592.2	MAM01910	MAM01910	m01910	gal	decrease	HMDB	"['MAR04131', 'MAR04132', 'MAR08767']"
Hmg-Coa Lyase Deficiency	ENSG00000117305	3155.1	MAM03408	MAM03408	adpac_	adpac	increase	HMDB;vmh.life	['MAR01449']
	ENSG00000091140	1738.1	MAM03135	MAM03135	m03135	val_L	increase	HMDB	"['MAR06409', 'MAR06397', 'MAR06404']"
	ENSG00000070915	6559.1	MAM02200	MAM02200	m02200	k	decrease	HMDB	['MAR06524']
	ENSG00000103507	10295.1	MAM02360	MAM02360	m02360	leu_L	decrease	HMDB	['MAR09535']
	ENSG00000101276	113278.1	MAM02842	MAM02842	m02842	ribflv	decrease	HMDB	['MAR08730']
	ENSG00000100024	51733.1	MAM00922	MAM00922	m00922	3uib	increase	HMDB	"['MAR04819', 'MAR04347']"
	ENSG00000125454	60386.1	MAM01580	MAM01580	m01580	HC00342	increase	HMDB	"['MAR04933', 'MAR06332', 'MAR06333', 'MAR06334', 'MAR06335', 'MAR06336', 'MAR06337', 'MAR06338', 'MAR06339', 'MAR06340', 'MAR06341', 'MAR06342', 'MAR06343', 'MAR07804', 'MAR07806', 'MAR07808', 'MAR07810', 'MAR07812', 'MAR07814', 'MAR07815', 'MAR07816', 'MAR07818', 'MAR07820', 'MAR07822', 'MAR07824', 'MAR07825', 'MAR07826', 'MAR07827', 'MAR07828', 'MAR07829', 'MAR07830', 'MAR07831', 'MAR07832', 'MAR07833', 'MAR07834', 'MAR07835', 'MAR07836', 'MAR07837', 'MAR07838', 'MAR07839', 'MAR07840', 'MAR07841', 'MAR07842', 'MAR07843', 'MAR07844', 'MAR07845', 'MAR07846', 'MAR07847', 'MAR07848', 'MAR07849', 'MAR07850', 'MAR07851', 'MAR07852', 'MAR07853', 'MAR07854', 'MAR05047', 'MAR20181', 'MAR20182', 'MAR20183']"
	ENSG00000134240	3158.1	MAM02819	MAM02819	m02819	pyr	decrease	HMDB	['MAR01573']
Maple Syrup Urine Disease	ENSG00000248098	593.1	MAM02360	MAM02360	m02360	leu_L	increase	HMDB;vmh.life	"['MAR03800', 'MAR06419', 'MAR06421', 'MAR06416', 'MAR20174', 'MAR20175', 'MAR20176', 'MAR20177']"
	ENSG00000084754	3030.1	MAM02579	MAM02579	m02579	nh4	increase	HMDB	"['MAR03166', 'MAR03206', 'MAR02511', 'MAR02409', 'MAR03449', 'MAR03450', 'MAR03453', 'MAR03454', 'MAR03455', 'MAR03460', 'MAR03462', 'MAR03463', 'MAR03467', 'MAR03472', 'MAR01163', 'MAR01164', 'MAR01165', 'MAR01167', 'MAR01206', 'MAR01207', 'MAR01208', 'MAR01210', 'MAR01255', 'MAR01256', 'MAR01257', 'MAR01259', 'MAR01272', 'MAR01273', 'MAR01274', 'MAR01276', 'MAR01292', 'MAR01298', 'MAR01299', 'MAR03058', 'MAR03063', 'MAR03067', 'MAR03071', 'MAR03075', 'MAR03079', 'MAR03083', 'MAR03087', 'MAR03091', 'MAR03095', 'MAR03099', 'MAR03103', 'MAR03327', 'MAR03331', 'MAR03335', 'MAR03339', 'MAR03343', 'MAR03347', 'MAR03351', 'MAR03355', 'MAR03365', 'MAR03370', 'MAR03375', 'MAR03501', 'MAR03508', 'MAR03513', 'MAR03302', 'MAR03307', 'MAR03312', 'MAR03316', 'MAR03317', 'MAR03323', 'MAR03108', 'MAR03109', 'MAR03110', 'MAR03112', 'MAR03113', 'MAR03114', 'MAR03116', 'MAR03117', 'MAR03118', 'MAR03122', 'MAR03123', 'MAR03125', 'MAR03129', 'MAR03130', 'MAR03132', 'MAR03137', 'MAR03139', 'MAR03144', 'MAR03146', 'MAR03151', 'MAR03153', 'MAR03158', 'MAR03160', 'MAR03171', 'MAR03172', 'MAR03173', 'MAR03175', 'MAR03176', 'MAR03177', 'MAR03179', 'MAR03180', 'MAR03181', 'MAR03183', 'MAR03184', 'MAR03185', 'MAR03187', 'MAR03188', 'MAR03189', 'MAR03192', 'MAR03193', 'MAR03196', 'MAR03197', 'MAR03200', 'MAR03201', 'MAR03204', 'MAR03205', 'MAR03241', 'MAR03242', 'MAR03243', 'MAR03245', 'MAR03246', 'MAR03247', 'MAR03252', 'MAR03254', 'MAR03256', 'MAR03260', 'MAR03262', 'MAR03264', 'MAR03357', 'MAR03361', 'MAR03219', 'MAR03220', 'MAR03221', 'MAR03223', 'MAR03224', 'MAR03225', 'MAR03227', 'MAR03228', 'MAR03229', 'MAR03231', 'MAR03232', 'MAR03233', 'MAR03235', 'MAR03236', 'MAR03237', 'MAR03277', 'MAR03278', 'MAR03279', 'MAR03281', 'MAR03282', 'MAR03283', 'MAR03285', 'MAR03286', 'MAR03287', 'MAR03292', 'MAR03293', 'MAR01174', 'MAR01177', 'MAR01178', 'MAR01179', 'MAR01182', 'MAR01183', 'MAR01184', 'MAR01216', 'MAR01219', 'MAR01220', 'MAR01221', 'MAR01224', 'MAR01225', 'MAR01226', 'MAR03524', 'MAR03525', 'MAR03529', 'MAR03530', 'MAR03533', 'MAR03534', 'MAR00970', 'MAR05110', 'MAR05111', 'MAR05120', 'MAR05176', 'MAR05177', 'MAR05179', 'MAR05181', 'MAR05185', 'MAR05188', 'MAR05190', 'MAR05192', 'MAR05194', 'MAR05242', 'MAR05325', 'MAR05329', 'MAR05343', 'MAR05345', 'MAR05355', 'MAR05357', 'MAR05359', 'MAR05360', 'MAR05365', 'MAR05369', 'MAR05371', 'MAR05373', 'MAR05376', 'MAR05378', 'MAR05403', 'MAR06437', 'MAR06449', 'MAR06452']"
	ENSG00000151611	166785.1	MAM02479	MAM02479	m02479	HC00900	increase	HMDB	['MAR08614']
	ENSG00000144182	51601.1	MAM01862	MAM01862	m01862	fum	increase	HMDB	['MAR20168']
	ENSG00000125454	60386.1	MAM02403	MAM02403	m02403	lac_L	increase	HMDB	"['MAR04933', 'MAR06332', 'MAR06333', 'MAR06334', 'MAR06335', 'MAR06336', 'MAR06337', 'MAR06338', 'MAR06339', 'MAR06340', 'MAR06341', 'MAR06342', 'MAR06343', 'MAR07804', 'MAR07806', 'MAR07808', 'MAR07810', 'MAR07812', 'MAR07814', 'MAR07815', 'MAR07816', 'MAR07818', 'MAR07820', 'MAR07822', 'MAR07824', 'MAR07825', 'MAR07826', 'MAR07827', 'MAR07828', 'MAR07829', 'MAR07830', 'MAR07831', 'MAR07832', 'MAR07833', 'MAR07834', 'MAR07835', 'MAR07836', 'MAR07837', 'MAR07838', 'MAR07839', 'MAR07840', 'MAR07841', 'MAR07842', 'MAR07843', 'MAR07844', 'MAR07845', 'MAR07846', 'MAR07847', 'MAR07848', 'MAR07849', 'MAR07850', 'MAR07851', 'MAR07852', 'MAR07853', 'MAR07854', 'MAR05047', 'MAR20181', 'MAR20182', 'MAR20183']"
Dihydropyrimidinuria	ENSG00000147647	1807.1	MAM00923	MAM00923	m00923	cala	increase	HMDB	"['MAR04346', 'MAR04736']"
	ENSG00000116984	4548.1	MAM02471	MAM02471	m02471	met_L	increase	HMDB	"['MAR03917', 'MAR09575']"
	ENSG00000091140	1738.1	MAM02770	MAM02770	m02770	pro_L	increase	HMDB	"['MAR06409', 'MAR06397', 'MAR06404']"
	ENSG00000103507	10295.1	MAM01013	MAM01013	m01013	4mop	decrease	HMDB	['MAR09535']
	ENSG00000127948	5447.1	MAM00409	MAM00409	m00409	17ahprgstrn	increase	HMDB	['MAR09501']
2-Oxoadipate Acidemia	ENSG00000183032	89874.1	MAM00670	MAM00670	m00670	2oxoadp	increase	vmh.life	"['MAR08022', 'MAR04237']"
2-Oxoadipate Acidemia	ENSG00000183032	89874.1	MAM03410	MAM03410	adpoh_	adpoh	increase	vmh.life	"['MAR08022', 'MAR04237']"
3-methylcrotonyl coA carboxylase deficiency	ENSG00000078070	56922.1	MAM03243	MAM03243	3ivcrn_	3ivcrn	increase	vmh.life	"['MAR06926', 'MAR06927', 'MAR03773']"
3-methylcrotonyl coA carboxylase deficiency	ENSG00000078070	56922.1	MAM00825	MAM00825	m00825	CE2026	increase	vmh.life	"['MAR06926', 'MAR06927', 'MAR03773']"
3-methylcrotonyl coA carboxylase deficiency	ENSG00000078070	56922.1	MAM03227	MAM03227	3hivac_	3hivac	increase	vmh.life	"['MAR06926', 'MAR06927', 'MAR03773']"
3-Methylglutaconic Aciduria Type I	ENSG00000148090	549.1	MAM03243	MAM03243	3ivcrn_	3ivcrn	increase	vmh.life	"['MAR03775', 'MAR08664', 'MAR09565', 'MAR09567', 'MAR05999', 'MAR11514']"
Aromatic L-amino acid decarboxylase deficiency	ENSG00000132437	1644.1	MAM02354	MAM02354	m02354	34dhphe	increase	vmh.life	"['MAR06731', 'MAR04545']"
Aromatic L-amino acid decarboxylase deficiency	ENSG00000132437	1644.1	MAM01107	MAM01107	m01107	5htrp	increase	vmh.life	"['MAR06731', 'MAR04545']"
Aromatic L-amino acid decarboxylase deficiency	ENSG00000132437	1644.1	MAM01290	MAM01290	m01290	adrnl	decrease	vmh.life	"['MAR06731', 'MAR04545']"
Aromatic L-amino acid decarboxylase deficiency	ENSG00000132437	1644.1	MAM01736	MAM01736	m01736	dopa	increase	vmh.life	"['MAR06731', 'MAR04545']"
Aromatic L-amino acid decarboxylase deficiency	ENSG00000132437	1644.1	MAM00830	MAM00830	m00830	CE2176	increase	vmh.life	"['MAR06731', 'MAR04545']"
Aromatic L-amino acid decarboxylase deficiency	ENSG00000132437	1644.1	MAM02617	MAM02617	m02617	nrpphr	decrease	vmh.life	"['MAR06731', 'MAR04545']"
Aromatic L-amino acid decarboxylase deficiency	ENSG00000132437	1644.1	MAM00821	MAM00821	m00821	3moxtyr	increase	vmh.life	"['MAR06731', 'MAR04545']"
AGAT def	ENSG00000171766	2628.1	MAM01619	MAM01619	m01619	creat	decrease	vmh.life	['MAR04582']
AGAT def	ENSG00000171766	2628.1	MAM02036	MAM02036	m02036	gudac	decrease	vmh.life	['MAR04582']
Aminoacylase 1 Deficiency	ENSG00000243989	95.1	MAM02536	MAM02536	m02536	acglu	increase	vmh.life	"['MAR08425', 'MAR04199', 'MAR03919']"
Aminoacylase 1 Deficiency	ENSG00000243989	95.1	MAM03397	MAM03397	acgly_	acgly	increase	vmh.life	"['MAR08425', 'MAR04199', 'MAR03919']"
Arginase def	ENSG00000118520	383.1	MAM01366	MAM01366	m01366	argsuc	increase	vmh.life	['MAR03816']
Arginase def	ENSG00000118520	383.1	MAM02659	MAM02659	m02659	orot	increase	vmh.life	['MAR03816']
Arginase def	ENSG00000118520	383.1	MAM03118	MAM03118	m03118	ura	increase	vmh.life	['MAR03816']
Arginase def	ENSG00000118520	383.1	MAM01619	MAM01619	m01619	creat	increase	vmh.life	['MAR03816']
Arginase def	ENSG00000118520	383.1	MAM01365	MAM01365	m01365	arg_L	increase	vmh.life	['MAR03816']
Arginase def	ENSG00000118520	383.1	MAM02036	MAM02036	m02036	gudac	increase	vmh.life	['MAR03816']
Argininosuccinic Aciduria	ENSG00000126522	435.1	MAM01366	MAM01366	m01366	argsuc	increase	vmh.life	['MAR03813']
Argininosuccinic Aciduria	ENSG00000126522	435.1	MAM01986	MAM01986	m01986	gly	increase	vmh.life	['MAR03813']
Argininosuccinic Aciduria	ENSG00000126522	435.1	MAM02659	MAM02659	m02659	orot	increase	vmh.life	['MAR03813']
Argininosuccinic Aciduria	ENSG00000126522	435.1	MAM02426	MAM02426	m02426	lys_L	increase	vmh.life	['MAR03813']
Argininosuccinic Aciduria	ENSG00000126522	435.1	MAM03118	MAM03118	m03118	ura	increase	vmh.life	['MAR03813']
Argininosuccinic Aciduria	ENSG00000126522	435.1	MAM01975	MAM01975	m01975	gln_L	increase	vmh.life	['MAR03813']
Asparagine Synthetase Deficiency	ENSG00000070669	440.1;440.3;440.2	MAM01369	MAM01369	m01369	asn_L	decrease	vmh.life	['MAR03903']
Asparagine Synthetase Deficiency	ENSG00000070669	440.1;440.3;440.2	MAM01975	MAM01975	m01975	gln_L	increase	vmh.life	['MAR03903']
Biotinidase Deficiency	ENSG00000169814	686.1	MAM03243	MAM03243	3ivcrn_	3ivcrn	increase	vmh.life	"['MAR07661', 'MAR07662', 'MAR07663', 'MAR00091']"
Biotinidase Deficiency	ENSG00000169814	686.1	MAM01253	MAM01253	m01253	acac	increase	vmh.life	"['MAR07661', 'MAR07662', 'MAR07663', 'MAR00091']"
Biotinidase Deficiency	ENSG00000169814	686.1	MAM01256	MAM01256	m01256	acetone	increase	vmh.life	"['MAR07661', 'MAR07662', 'MAR07663', 'MAR00091']"
Biotinidase Deficiency	ENSG00000169814	686.1	MAM00157	MAM00157	m00157	bhb	increase	vmh.life	"['MAR07661', 'MAR07662', 'MAR07663', 'MAR00091']"
Biotinidase Deficiency	ENSG00000169814	686.1	MAM02403	MAM02403	m02403	lac_L	increase	vmh.life	"['MAR07661', 'MAR07662', 'MAR07663', 'MAR00091']"
Biotinidase Deficiency	ENSG00000169814	686.1	MAM02579	MAM02579	m02579	nh4	increase	vmh.life	"['MAR07661', 'MAR07662', 'MAR07663', 'MAR00091']"
Biotinidase Deficiency	ENSG00000169814	686.1	MAM02142	MAM02142	m02142	3hpp	increase	vmh.life	"['MAR07661', 'MAR07662', 'MAR07663', 'MAR00091']"
Biotinidase Deficiency	ENSG00000169814	686.1	MAM00825	MAM00825	m00825	CE2026	increase	vmh.life	"['MAR07661', 'MAR07662', 'MAR07663', 'MAR00091']"
Biotinidase Deficiency	ENSG00000169814	686.1	MAM00665	MAM00665	m00665	2mcit	increase	vmh.life	"['MAR07661', 'MAR07662', 'MAR07663', 'MAR00091']"
Type I Citrullinemia	ENSG00000130707	445.1;445.2	MAM01588	MAM01588	m01588	citr_L	increase	vmh.life	['MAR03811']
Type I Citrullinemia	ENSG00000130707	445.1;445.2	MAM01986	MAM01986	m01986	gly	increase	vmh.life	['MAR03811']
Type I Citrullinemia	ENSG00000130707	445.1;445.2	MAM02579	MAM02579	m02579	nh4	increase	vmh.life	['MAR03811']
Type I Citrullinemia	ENSG00000130707	445.1;445.2	MAM02659	MAM02659	m02659	orot	increase	vmh.life	['MAR03811']
Corticosterone Methyloxidase Type I Deficiency	ENSG00000179142	1585.1	MAM01309	MAM01309	m01309	aldstrn	decrease	vmh.life	"['MAR02010', 'MAR02011', 'MAR07934']"
Carbamoyl phosphate synthetase I deficiency	ENSG00000021826	1373.1;1373.2	MAM02426	MAM02426	m02426	lys_L	increase	vmh.life	"['MAR03873', 'MAR08654']"
Carbamoyl phosphate synthetase I deficiency	ENSG00000021826	1373.1;1373.2	MAM03118	MAM03118	m03118	ura	increase	vmh.life	"['MAR03873', 'MAR08654']"
Carbamoyl phosphate synthetase I deficiency	ENSG00000021826	1373.1;1373.2	MAM01127	MAM01127	m01127	5oxpro	increase	vmh.life	"['MAR03873', 'MAR08654']"
Carbamoyl phosphate synthetase I deficiency	ENSG00000021826	1373.1;1373.2	MAM01588	MAM01588	m01588	citr_L	decrease	vmh.life	"['MAR03873', 'MAR08654']"
Carbamoyl phosphate synthetase I deficiency	ENSG00000021826	1373.1;1373.2	MAM01975	MAM01975	m01975	gln_L	increase	vmh.life	"['MAR03873', 'MAR08654']"
21-hydroxylase deficiency	ENSG00000231852	1589.1	MAM01309	MAM01309	m01309	aldstrn	increase	vmh.life	"['MAR01940', 'MAR01948', 'MAR01990', 'MAR01992', 'MAR02005', 'MAR02007', 'MAR07928', 'MAR07932', 'MAR01988', 'MAR03038']"
21-hydroxylase deficiency	ENSG00000231852	1589.1	MAM01615	MAM01615	m01615	crtsl	decrease	vmh.life	"['MAR01940', 'MAR01948', 'MAR01990', 'MAR01992', 'MAR02005', 'MAR02007', 'MAR07928', 'MAR07932', 'MAR01988', 'MAR03038']"
21-hydroxylase deficiency	ENSG00000231852	1589.1	MAM02769	MAM02769	m02769	prgstrn	increase	vmh.life	"['MAR01940', 'MAR01948', 'MAR01990', 'MAR01992', 'MAR02005', 'MAR02007', 'MAR07928', 'MAR07932', 'MAR01988', 'MAR03038']"
21-hydroxylase deficiency	ENSG00000231852	1589.1	MAM00971	MAM00971	m00971	andrstndn	increase	vmh.life	"['MAR01940', 'MAR01948', 'MAR01990', 'MAR01992', 'MAR02005', 'MAR02007', 'MAR07928', 'MAR07932', 'MAR01988', 'MAR03038']"
21-hydroxylase deficiency	ENSG00000231852	1589.1	MAM01338	MAM01338	m01338	andrstrn	increase	vmh.life	"['MAR01940', 'MAR01948', 'MAR01990', 'MAR01992', 'MAR02005', 'MAR02007', 'MAR07928', 'MAR07932', 'MAR01988', 'MAR03038']"
21-hydroxylase deficiency	ENSG00000231852	1589.1	MAM01660	MAM01660	m01660	dhea	increase	vmh.life	"['MAR01940', 'MAR01948', 'MAR01990', 'MAR01992', 'MAR02005', 'MAR02007', 'MAR07928', 'MAR07932', 'MAR01988', 'MAR03038']"
Desmosterolosis	ENSG00000116133	1718.1	MAM01675	MAM01675	m01675	dsmsterol	increase	vmh.life	"['MAR04497', 'MAR01526', 'MAR01533', 'MAR01535', 'MAR01570', 'MAR00222', 'MAR02206', 'MAR02337', 'MAR08218']"
Deoxyguanosine Kinase Deficiency	ENSG00000114956	1716.5;1716.1;1716.4;1716.2;1716.3	MAM02403	MAM02403	m02403	lac_L	increase	vmh.life	"['MAR04600', 'MAR04601']"
Dihydropyrimidinuria	ENSG00000147647	1807.1	MAM02997	MAM02997	m02997	thym	increase	vmh.life	"['MAR04346', 'MAR04736']"
Dihydropyrimidinuria	ENSG00000147647	1807.1	MAM03118	MAM03118	m03118	ura	increase	vmh.life	"['MAR04346', 'MAR04736']"
Dihydropyrimidinuria	ENSG00000147647	1807.1	MAM01052	MAM01052	m01052	56dura	increase	vmh.life	"['MAR04346', 'MAR04736']"
Dihydropyrimidinuria	ENSG00000147647	1807.1	MAM01705	MAM01705	m01705	56dthm	increase	vmh.life	"['MAR04346', 'MAR04736']"
Fructosuria(Essential Fructosuria)	ENSG00000138030	3795.1;3795.2	MAM01840	MAM01840	m01840	fru	increase	vmh.life	"['MAR08761', 'MAR04310', 'MAR01472']"
Fish-Eye Disease/ Lcat Deficiency	ENSG00000213398	3931.1	MAM01450	MAM01450	m01450	chsterol	decrease	vmh.life	"['MAR00634', 'MAR01475']"
Fish-Eye Disease/ Lcat Deficiency	ENSG00000213398	3931.1	MAM02959	MAM02959	m02959	tag_hs	increase	vmh.life	"['MAR00634', 'MAR01475']"
Glutamate Formiminotransferase Deficiency	ENSG00000160282	10841.1;10841.2	MAM02574	MAM02574	m02574	forglu	increase	vmh.life	"['MAR04658', 'MAR03929', 'MAR09726']"
Glutaric Acidemia Type I	ENSG00000105607	2639.1;2639.2	MAM03497	MAM03497	c5dc_	c5dc	increase	vmh.life	['MAR04243']
Gyrate Atrophy Of The Choroid And Retina	ENSG00000065154	4942.1	MAM01365	MAM01365	m01365	arg_L	increase	vmh.life	['MAR03807']
Gyrate Atrophy Of The Choroid And Retina	ENSG00000065154	4942.1	MAM01975	MAM01975	m01975	gln_L	decrease	vmh.life	['MAR03807']
Gyrate Atrophy Of The Choroid And Retina	ENSG00000065154	4942.1	MAM01974	MAM01974	m01974	glu_L	decrease	vmh.life	['MAR03807']
Gyrate Atrophy Of The Choroid And Retina	ENSG00000065154	4942.1	MAM02426	MAM02426	m02426	lys_L	decrease	vmh.life	['MAR03807']
Gyrate Atrophy Of The Choroid And Retina	ENSG00000065154	4942.1	MAM02658	MAM02658	m02658	orn	increase	vmh.life	['MAR03807']
Guanidinoacetate Methyltransferase Deficiency	ENSG00000130005	2593.1;2593.2	MAM01619	MAM01619	m01619	creat	decrease	vmh.life	['MAR04583']
Guanidinoacetate Methyltransferase Deficiency	ENSG00000130005	2593.1;2593.2	MAM01621	MAM01621	m01621	crtn	increase	vmh.life	['MAR04583']
Guanidinoacetate Methyltransferase Deficiency	ENSG00000130005	2593.1;2593.2	MAM03120	MAM03120	m03120	urate	increase	vmh.life	['MAR04583']
Guanidinoacetate Methyltransferase Deficiency	ENSG00000130005	2593.1;2593.2	MAM02036	MAM02036	m02036	gudac	increase	vmh.life	['MAR04583']
Homocystinuria	ENSG00000160200	875.1	MAM02471	MAM02471	m02471	met_L	increase	vmh.life	"['MAR03879', 'MAR04323', 'MAR07135']"
Homocystinuria	ENSG00000160200	875.1	MAM02658	MAM02658	m02658	orn	increase	vmh.life	"['MAR03879', 'MAR04323', 'MAR07135']"
Homocystinuria	ENSG00000160200	875.1	MAM03394	MAM03394	Lhcystin_	Lhcystin	increase	vmh.life	"['MAR03879', 'MAR04323', 'MAR07135']"
Homocystinuria	ENSG00000160200	875.1	MAM02133	MAM02133	m02133	hcys_L	increase	vmh.life	"['MAR03879', 'MAR04323', 'MAR07135']"
Homocystinuria	ENSG00000160200	875.1	MAM02349	MAM02349	m02349	cyst_L	decrease	vmh.life	"['MAR03879', 'MAR04323', 'MAR07135']"
Histidinemia	ENSG00000084110	3034.1	MAM02124	MAM02124	m02124	hista	increase	vmh.life	['MAR04437']
Histidinemia	ENSG00000084110	3034.1	MAM02166	MAM02166	m02166	im4ac	increase	vmh.life	['MAR04437']
Histidinemia	ENSG00000084110	3034.1	MAM02125	MAM02125	m02125	his_L	increase	vmh.life	['MAR04437']
"Hyperlysinemia I, Familial"	ENSG00000008311	10157.1	MAM02413	MAM02413	m02413	Lpipecol	increase	vmh.life	"['MAR04288', 'MAR04668']"
Hyperlysinemia II Or Saccharopinuria	ENSG00000008311	10157.1	MAM01588	MAM01588	m01588	citr_L	increase	vmh.life	"['MAR04288', 'MAR04668']"
Hyperlysinemia II Or Saccharopinuria	ENSG00000008311	10157.1	MAM02426	MAM02426	m02426	lys_L	increase	vmh.life	"['MAR04288', 'MAR04668']"
Hmg-Coa Lyase Deficiency	ENSG00000117305	3155.1	MAM03499	MAM03499	c6dc_	c6dc	increase	vmh.life	['MAR01449']
Hyperprolinemia Type Ii	ENSG00000159423	8659.1;8659.2	MAM01986	MAM01986	m01986	gly	increase	vmh.life	"['MAR03822', 'MAR03806', 'MAR03819', 'MAR03820']"
Hyperprolinemia Type Ii	ENSG00000159423	8659.1;8659.2	MAM02658	MAM02658	m02658	orn	increase	vmh.life	"['MAR03822', 'MAR03806', 'MAR03819', 'MAR03820']"
Autosomal Dominant Hypercarotenemia And Vitamin A Deficiency	ENSG00000135697	53630.1	MAM01385	MAM01385	m01385	caro	increase	vmh.life	['MAR08697']
Hyperprolinemia Type I	ENSG00000100033	5625.1	MAM01986	MAM01986	m01986	gly	increase	vmh.life	['MAR08611']
Hypervalinemia And Hyperleucine-Isoleucinemia	ENSG00000105552	587.1	MAM03135	MAM03135	m03135	val_L	increase	vmh.life	"['MAR03744', 'MAR03778', 'MAR03765']"
Hypervalinemia And Hyperleucine-Isoleucinemia	ENSG00000105552	587.1	MAM02360	MAM02360	m02360	leu_L	increase	vmh.life	"['MAR03744', 'MAR03778', 'MAR03765']"
Isovaleric Acidemia	ENSG00000128928	3712.1	MAM03201	MAM03201	3bcrn_	3bcrn	increase	vmh.life	['MAR03770']
Isovaleric Acidemia	ENSG00000128928	3712.1	MAM03243	MAM03243	3ivcrn_	3ivcrn	increase	vmh.life	['MAR03770']
Isovaleric Acidemia	ENSG00000128928	3712.1	MAM03706	MAM03706	ivcrn_	ivcrn	increase	vmh.life	['MAR03770']
Lesch-Nyhan Syndrome	ENSG00000165704	3251.1	MAM01830	MAM01830	m01830	fol	decrease	vmh.life	"['MAR04418', 'MAR04452']"
Lesch-Nyhan Syndrome	ENSG00000165704	3251.1	MAM03120	MAM03120	m03120	urate	increase	vmh.life	"['MAR04418', 'MAR04452']"
Methylmalonic Acidemia (Mma)	ENSG00000146085	4594.1	MAM02325	MAM02325	m02325	3aib	increase	vmh.life	['MAR03215']
Methylmalonic Acidemia (Mma)	ENSG00000146085	4594.1	MAM03495	MAM03495	c4dc_	c4dc	increase	vmh.life	['MAR03215']
Methylmalonic Acidemia (Mma)	ENSG00000146085	4594.1	MAM02348	MAM02348	m02348	crn	decrease	vmh.life	['MAR03215']
Methylmalonic Acidemia (Mma)	ENSG00000146085	4594.1	MAM02479	MAM02479	m02479	HC00900	increase	vmh.life	['MAR03215']
Methylmalonic Acidemia (Mma)	ENSG00000146085	4594.1	MAM02142	MAM02142	m02142	3hpp	increase	vmh.life	['MAR03215']
Methylmalonic Acidemia (Mma)	ENSG00000146085	4594.1	MAM02657	MAM02657	m02657	pcrn	increase	vmh.life	['MAR03215']
Methylmalonic Acidemia (Mma)	ENSG00000146085	4594.1	MAM03217	MAM03217	3hdececrn_	3hdececrn	increase	vmh.life	['MAR03215']
Maple Syrup Urine Disease	ENSG00000248098	593.1	MAM03135	MAM03135	m03135	val_L	increase	vmh.life	"['MAR03800', 'MAR06419', 'MAR06421', 'MAR06416', 'MAR20174', 'MAR20175', 'MAR20176', 'MAR20177']"
Maple Syrup Urine Disease	ENSG00000248098	593.1	MAM00669	MAM00669	m00669	3mop	increase	vmh.life	"['MAR03800', 'MAR06419', 'MAR06421', 'MAR06416', 'MAR20174', 'MAR20175', 'MAR20176', 'MAR20177']"
N-Acetylglutamate Synthase Deficiency	ENSG00000161653	162417.1	MAM01307	MAM01307	m01307	ala_L	increase	vmh.life	"['MAR08416', 'MAR05418', 'MAR05419']"
N-Acetylglutamate Synthase Deficiency	ENSG00000161653	162417.1	MAM01588	MAM01588	m01588	citr_L	decrease	vmh.life	"['MAR08416', 'MAR05418', 'MAR05419']"
N-Acetylglutamate Synthase Deficiency	ENSG00000161653	162417.1	MAM01975	MAM01975	m01975	gln_L	increase	vmh.life	"['MAR08416', 'MAR05418', 'MAR05419']"
Ornithine Transcarbamylase Deficiency	ENSG00000036473	5009.1	MAM01127	MAM01127	m01127	5oxpro	increase	vmh.life	['MAR03809']
Ornithine Transcarbamylase Deficiency	ENSG00000036473	5009.1	MAM01588	MAM01588	m01588	citr_L	decrease	vmh.life	['MAR03809']
Ornithine Transcarbamylase Deficiency	ENSG00000036473	5009.1	MAM01975	MAM01975	m01975	gln_L	increase	vmh.life	['MAR03809']
Ornithine Transcarbamylase Deficiency	ENSG00000036473	5009.1	MAM01986	MAM01986	m01986	gly	increase	vmh.life	['MAR03809']
Ornithine Transcarbamylase Deficiency	ENSG00000036473	5009.1	MAM02426	MAM02426	m02426	lys_L	increase	vmh.life	['MAR03809']
Ornithine Transcarbamylase Deficiency	ENSG00000036473	5009.1	MAM02659	MAM02659	m02659	orot	increase	vmh.life	['MAR03809']
Ornithine Transcarbamylase Deficiency	ENSG00000036473	5009.1	MAM03118	MAM03118	m03118	ura	increase	vmh.life	['MAR03809']
Ornithine Transcarbamylase Deficiency	ENSG00000036473	5009.1	MAM02579	MAM02579	m02579	nh4	increase	vmh.life	['MAR03809']
Ornithine Transcarbamylase Deficiency	ENSG00000036473	5009.1	MAM02658	MAM02658	m02658	orn	increase	vmh.life	['MAR03809']
Glutathione Synthetase Deficiency And 5-Oxoprolinuria	ENSG00000100983	2937.1	MAM02369	MAM02369	m02369	leuktrE4	increase	vmh.life	['MAR04326']
Glutathione Synthetase Deficiency And 5-Oxoprolinuria	ENSG00000100983	2937.1	MAM02366	MAM02366	m02366	leuktrC4	increase	vmh.life	['MAR04326']
Glutathione Synthetase Deficiency And 5-Oxoprolinuria	ENSG00000100983	2937.1	MAM02418	MAM02418	m02418	leuktrD4	increase	vmh.life	['MAR04326']
Pyruvate Carboxylase Deficiency	ENSG00000173599	5091.1;5091.2	MAM01253	MAM01253	m01253	acac	increase	vmh.life	['MAR04143']
Pyruvate Carboxylase Deficiency	ENSG00000173599	5091.1;5091.2	MAM01256	MAM01256	m01256	acetone	increase	vmh.life	['MAR04143']
Pyruvate Carboxylase Deficiency	ENSG00000173599	5091.1;5091.2	MAM01306	MAM01306	m01306	akg	increase	vmh.life	['MAR04143']
Pyruvate Carboxylase Deficiency	ENSG00000173599	5091.1;5091.2	MAM01307	MAM01307	m01307	ala_L	increase	vmh.life	['MAR04143']
Pyruvate Carboxylase Deficiency	ENSG00000173599	5091.1;5091.2	MAM01588	MAM01588	m01588	citr_L	increase	vmh.life	['MAR04143']
Pyruvate Carboxylase Deficiency	ENSG00000173599	5091.1;5091.2	MAM02426	MAM02426	m02426	lys_L	increase	vmh.life	['MAR04143']
Pyruvate Carboxylase Deficiency	ENSG00000173599	5091.1;5091.2	MAM02770	MAM02770	m02770	pro_L	increase	vmh.life	['MAR04143']
Pyruvate Carboxylase Deficiency	ENSG00000173599	5091.1;5091.2	MAM02943	MAM02943	m02943	succ	increase	vmh.life	['MAR04143']
Pyruvate Carboxylase Deficiency	ENSG00000173599	5091.1;5091.2	MAM01965	MAM01965	m01965	glc_D	decrease	vmh.life	['MAR04143']
Pyruvate Carboxylase Deficiency	ENSG00000173599	5091.1;5091.2	MAM01862	MAM01862	m01862	fum	increase	vmh.life	['MAR04143']
Primary Hyperoxaluria-Type 1	ENSG00000172482	189.1	MAM02007	MAM02007	m02007	glx	increase	vmh.life	"['MAR04198', 'MAR04467', 'MAR04791']"
Phenylketonuria	ENSG00000171759	5053.1	MAM02724	MAM02724	m02724	phe_L	increase	vmh.life	['MAR08539']
Phenylketonuria	ENSG00000171759	5053.1	MAM00654	MAM00654	m00654	2hyoxplac	increase	vmh.life	['MAR08539']
Succinic Semialdehyde Dehydrogenase Deficiency	ENSG00000112294	7915.1;7915.2	MAM01986	MAM01986	m01986	gly	increase	vmh.life	['MAR04285']
Succinic Semialdehyde Dehydrogenase Deficiency	ENSG00000112294	7915.1;7915.2	MAM02942	MAM02942	m02942	sucsal	increase	vmh.life	['MAR04285']
Succinic Semialdehyde Dehydrogenase Deficiency	ENSG00000112294	7915.1;7915.2	MAM00970	MAM00970	m00970	4abut	increase	vmh.life	['MAR04285']
Tetrahydrobiopterin Deficiency	ENSG00000131979	2643.1	MAM02724	MAM02724	m02724	phe_L	increase	vmh.life	"['MAR04160', 'MAR04162', 'MAR04169', 'MAR04170', 'MAR04817', 'MAR04818', 'MAR04833', 'MAR04834', 'MAR04835', 'MAR04836']"
Tyrosinemia Type I	ENSG00000103876	2184.1	MAM02471	MAM02471	m02471	met_L	increase	vmh.life	['MAR06778']
Tyrosinemia Type I	ENSG00000103876	2184.1	MAM01004	MAM01004	m01004	34hpl	increase	vmh.life	['MAR06778']
Tyrosinemia Type I	ENSG00000103876	2184.1	MAM01005	MAM01005	m01005	34hpp	increase	vmh.life	['MAR06778']
Tyrosinemia Type II	ENSG00000158104	3242.1	MAM01004	MAM01004	m01004	34hpl	increase	vmh.life	['MAR06772']
Tyrosinemia Type II	ENSG00000158104	3242.1	MAM01005	MAM01005	m01005	34hpp	increase	vmh.life	['MAR06772']
Xanthinuria Type 1	ENSG00000158125	7498.1	MAM02159	MAM02159	m02159	hxan	increase	vmh.life	"['MAR04519', 'MAR04520', 'MAR04646', 'MAR04648', 'MAR04649', 'MAR04650']"
Xanthinuria Type 1	ENSG00000158125	7498.1	MAM03148	MAM03148	m03148	xan	increase	vmh.life	"['MAR04519', 'MAR04520', 'MAR04646', 'MAR04648', 'MAR04649', 'MAR04650']"
